[
  {
    "title": "DevGuard",
    "description": "Software development company UI design",
    "links": {
      "image": "concept_devguard.png",
      "dribbble": "https://dribbble.com/shots/10483133-DevGuard-Landing-Page"
    }
  },
  {
    "title": "BugVilla",
    "description": "BugVilla, Bug Tracker app",
    "links": {
      "image": "concept_bugvilla.png",
      "dribbble": "https://dribbble.com/shots/10483143-BugVilla-UI-Design"
    }
  },
  {
    "title": "The Lion King UI",
    "description": "The Lion King UI design",
    "links": {
      "image": "concept_thelionking.png",
      "dribbble": "https://dribbble.com/shots/6408956-Nike-HyperAce2-UI-Design"
    }
  },
  {
    "title": "Nike HyperAce UI",
    "description": "Nike hyperace 2 UI Design | nikehyperace.surge.sh is created with Reactjs",
    "links": {
      "image": "concept_nikehyperace.jpg",
      "dribbble": "https://dribbble.com/shots/6408956-Nike-HyperAce2-UI-Design",
      "demo": "https://nikehyperace.surge.sh"
    }
  },
  {
    "title": "Mother's Day Special",
    "description": "On this special mother's day i made this design. which shows that simple Typography and design can make a great impact on users",
    "links": {
      "image": "concept_mothersday.png",
      "dribbble": "https://dribbble.com/shots/6471582-Mother-s-Day-Special-UI-Design"
    }
  },
  {
    "title": "Buddie Host",
    "description": "Concept design of nepal's buddie host web hosting company",
    "links": {
      "image": "concept_buddiehost.png",
      "dribbble": "https://dribbble.com/shots/6665796-Web-Hosting-Site-Design"
    }
  },
  {
    "title": "Rabindranath Tagore UI Design",
    "description": "Rabindra joyanti special UI design | minimal elegant design showcasing simplicity is the key element in any design",
    "links": {
      "image": "concept_rabindranathtagore.png",
      "dribbble": "https://dribbble.com/shots/6457414-Rabindranath-Tagore-UI-Design"
    }
  },
  {
    "title": "Motionjs UI",
    "description": "Elegant UI Design for a concept javascript animation library | Illustrations are taken from undraw.co",
    "links": {
      "image": "concept_motionjs.png",
      "dribbble": "https://dribbble.com/shots/6387522-Modern-Web-UI"
    }
  },
  {
    "title": "Mobile Music Player UI",
    "description": "Music Player UI made in Figma. Simple, Sleek, Eye Catching",
    "links": {
      "image": "concept_musicplayer.png",
      "dribbble": "https://dribbble.com/shots/6367705-Music-Player-UI"
    }
  },
  {
    "title": "WebUI Captain Marvel",
    "description": "Captain Marvel UI Design for Marvel Lovers. Made with PS",
    "links": {
      "image": "concept_captainmarvel.png",
      "dribbble": "https://dribbble.com/shots/6367700-Captain-Marvel-UI"
    }
  },
  {
    "title": "WebUI Firewatch",
    "description": "Design which feels right, this UI template is made for showing that illustrations and vivid colors can make your design look great",
    "links": {
      "image": "concept_firewatch.png",
      "dribbble": "https://dribbble.com/shots/6451540-Fire-Watch-UI"
    }
  },
  {
    "title": "WebUI Nike",
    "description": "Nike Zapatilla Legend is one of the best nike products out there, this ui is simple, minimal and sleek",
    "links": {
      "image": "concept_nike.png",
      "dribbble": "https://dribbble.com/shots/6451547-Nike-Zapatilla-UI"
    }
  },
  {
    "title": "WebUI Nature",
    "description": "Beauty of Nature, we can you nagative letter spacing to give users a better visual experience and which looks awesome, and provides a sleek and uniqe UI",
    "links": {
      "image": "concept_nature.png",
      "dribbble": "https://dribbble.com/shots/6367693-Nature-UI"
    }
  },
  {
    "title": "WebUI Pagani",
    "description": "Who doesn't love Speed, thats why Pagani Huyara comes in to play, combination of speed and customization gives buyers freedom over the super car.",
    "links": {
      "image": "concept_pagani.png",
      "dribbble": "https://dribbble.com/shots/6367673-Pagani-Huayra-UI"
    }
  },
  {
    "title": "WebUI Harley Devidson",
    "description": "Legend of all time Harley Devidson, i created this design which provides users bold look of Harley Devidson V-Rod and all the background illustrations and color contrasts makes the design great.",
    "links": {
      "image": "concept_harleydavidson.png",
      "dribbble": "https://dribbble.com/shots/6367654-Harley-Davidson-UI",
      "demo": "http://harleydavidson.surge.sh"
    }
  }
]
