[
  {
    "title": "Verly.js",
    "links": {
      "codepen": "//codepen.io/anuraghazra/embed/vwmLKo/?default-tab=result&theme-id=light",
      "github": "//github.com/anuraghazra/Verly.js"
    },
    "description": "Verly.js is an easy to integrate verlet physics engine made with javascript. It is also my most popular open-source project on GitHub, so far it got over 200 stars on Github and got mentioned in codepen spark"
  },
  {
    "title": "Atomic.js",
    "links": {
      "codepen": "//codepen.io/anuraghazra/embed/JxYGNL/?default-tab=result&theme-id=light",
      "github": "//github.com/anuraghazra/atomic.js"
    },
    "description": "Atomic.js is a Greatly Simple 2D Physics Engine. It is collision detection and resolution engine. It can be used in 2d HTML5 games and 2d physics simulations. It uses the SAT (Separating Axis Theorem) Collision Detection and mass separation collision resolution."
  },
  {
    "title": "Candy.js",
    "links": {
      "codepen": "//codepen.io/anuraghazra/embed/pGjvaR/?default-tab=result&theme-id=light",
      "github": "//github.com/anuraghazra/Candy.js"
    },
    "description": "Candy.js is CanvasAPI Rendering Toolkit Library. P5.js's methods and functions highly inspire Candy.js. But it is more geared towards simplicity and utility functions."
  }
]